,,,,,
,Time (s),Accuracy,F1 Score,,
LogisticRegression,"23,416","0,781","0,784",,COUNT-VECT
LogisticRegression,"15,275","0,760","0,757",,TF-IDF
LogisticRegression,"5,159","0,651","0,672",,EMBEDDING
LogisticRegression,"13,325","0,781","0,786",,COUNT-VECT + STOP WORDS
LogisticRegression,"7,447","0,763","0,760",,TF-IDF + STOP WORDS
LogisticRegression,"32,057","0,808","0,810",,COUNT-VECT + STEMMING
LogisticRegression,"21,468","0,783","0,782",,TF-IDF + STEMMING
SGD,"0,480","0,781","0,788",,
SGD,"0,491","0,757","0,762",,
SGD,"0,712","0,649","0,676",,
SGD,"0,264","0,778","0,787",,
SGD,"0,195","0,758","0,761",,
SGD,"0,532","0,802","0,806",,
SGD,"0,496","0,783","0,791",,
SVC,"1513,115","0,769","0,782",,
SVC,"1585,795","0,778","0,783",,
SVC,"398,818","0,717","0,732",,
SVC,"1169,571","0,775","0,786",,
SVC,"927,323","0,778","0,784",,
SVC,"1182,107","0,799","0,805",,
SVC,"1746,714","0,804","0,806",,
LinearSVC,"15,498","0,774","0,773",,
LinearSVC,"184,167","0,722","0,719",,
LinearSVC,"6,747","0,652","0,677",,
LinearSVC,"11,208","0,773","0,772",,
LinearSVC,"94,911","0,719","0,714",,
LinearSVC,"18,730","0,794","0,795",,
LinearSVC,"238,262","0,741","0,739",,
MLPClassifier,"5153,523","0,777","0,776",,
MLPClassifier,"1730,510","0,778","0,783",,
MLPClassifier,"56,849","0,715","0,717",,
MLPClassifier,"5282,843","0,766","0,765",,
MLPClassifier,"2686,801","0,776","0,776",,
MLPClassifier,"5082,142","0,807","0,808",,
MLPClassifier,"1707,861","0,799","0,800",,
RandomForest,"334,285","0,757","0,779",,
RandomForest,"331,212","0,761","0,781",,
RandomForest,"81,441","0,701","0,710",,
RandomForest,"336,084","0,763","0,779",,
RandomForest,"331,451","0,766","0,781",,
RandomForest,"325,025","0,778","0,793",,
RandomForest,"328,368","0,778","0,793",,
